month,fossil,nuclear,hydro,wind,solar,other_renewable,other,total_generation,price_actual,total_load_actual,renewable_share
2015-01-01,8165726,4886156,3178475,5561782,828578,406372,219162,23246251,64.9490188172043,29998.903663500678,0.42911035418141186
2015-02-01,6285060,4489715,3764401,5195774,836321,363327,197050,21131648,56.383854166666666,29474.27231467473,0.4807870640283238
2015-03-01,6993370,4969120,3607055,5013674,953625,397311,187159,22121314,55.522462987886946,28437.179004037684,0.45077182123991366
2015-04-01,7591803,4356946,2878604,3953582,1049371,356143,181107,20367556,58.35408333333333,27440.37290502793,0.4044520609149178
2015-05-01,6801507,4020440,3146382,5027512,1428683,427157,212193,21063874,57.29405913978495,27459.159029649596,0.47615808943786886
2015-06-01,8718895,4069020,2726005,3145981,1437037,396536,238619,20732093,65.97490277777777,28052.988888888893,0.3716729902764762
2015-07-01,10655876,4823816,2578304,2942709,1468463,432125,242114,23143407,71.0720430107527,30501.127688172048,0.32067884387117246
2015-08-01,8696277,4789757,2409728,3612993,1293779,436820,234131,21473485,63.998064516129034,27723.336021505373,0.36106482017241265
2015-09-01,8367862,4655646,2466439,3113136,1145729,421253,228949,20399014,60.25479166666667,27737.508333333324,0.35033835458909923
2015-10-01,8832474,4355385,2522099,3420344,805216,439128,240184,20614830,59.406765100671144,27618.47913862719,0.3486221812161439
2015-11-01,8936440,4300614,2664907,3235510,843638,413229,235704,20630042,60.726791666666664,28269.64722222222,0.3469350183581788
2015-12-01,8329325,4923140,2491179,3672754,649615,412772,216460,20695245,61.90176075268817,27661.425302826374,0.34917779422277917
2016-01-01,7611959,4630544,4446015,3715089,763152,400235,239948,21806942,45.57872311827957,29309.560483870966,0.4275927821516653
2016-02-01,5544987,4286848,4784339,4547899,875609,351340,201404,20592426,36.75208333333333,29271.589080459766,0.5127704234556919
2016-03-01,5787775,4978017,4467472,4372325,1027499,373838,223536,21230462,36.818008075370116,28022.55047106326,0.48237923414007666
2016-04-01,4963051,4828613,5190841,3847098,1001100,262919,210827,20304449,32.61866666666667,28007.08217270195,0.5073744182863569
2016-05-01,5350554,4251223,4870463,3950182,1256751,309865,198194,20187232,34.69137096774193,27341.5868102288,0.5145460754599739
2016-06-01,6002523,4786174,3261897,4059747,1398837,305151,225626,20039955,46.26631944444444,28275.488888888893,0.45038184965984207
2016-07-01,7552357,4931918,2857897,4246864,1423421,319874,257631,21589962,47.502016129032256,29505.90174966353,0.40982267592689603
2016-08-01,7283886,4935212,2707500,3796776,1365874,333368,253540,20676156,47.60233870967742,28786.693548387102,0.39676224149208394
2016-09-01,6916803,4806544,2468286,3948981,1114714,311892,249638,19816858,50.40559722222222,28221.912378303205,0.39581819681000896
2016-10-01,8481546,4899631,2754784,3567752,754896,312900,250842,21022351,60.18242953020134,27306.54093959731,0.35154640886740024
2016-11-01,8598069,3984694,2829223,4151804,684995,317546,239510,20805841,62.58105555555556,29138.94305555556,0.3837176300635961
2016-12-01,9008283,4706522,3022263,3362706,680742,319077,246483,21346076,67.59513440860215,28939.314516129034,0.3459552940784058
2017-01-01,9608419,5036818,2594252,4823574,809783,332187,263220,23468253,79.49208333333334,30238.952956989237,0.36473937791620026
2017-02-01,7283468,4528788,2240844,3582394,777814,299896,233628,18946832,59.83779761904762,28947.166666666668,0.3642270116713971
2017-03-01,6644978,5019672,2767290,4178000,1051413,282405,253063,20196821,50.95989232839838,28614.15208613728,0.40992134356193977
2017-04-01,6458953,4806996,2156613,4134002,1057556,271247,242846,19128213,51.71791666666667,27067.830555555563,0.39833402106093235
2017-05-01,7971872,4137563,2216455,3743736,1339239,334986,256112,19999963,53.772620967741936,27821.625,0.38172150618478645
2017-06-01,9405819,4365979,1869669,4022300,1381697,311101,253918,21610483,56.25822222222222,30351.688888888897,0.350976283130738
2017-07-01,9587359,4551348,1647702,3570811,1506689,343061,249005,21455975,55.25258064516129,30095.010752688177,0.32943098600739423
2017-08-01,8411850,4966830,1574132,3235295,1305095,338614,273162,20104978,54.08432795698925,28731.569892473122,0.320972049807764
2017-09-01,8680571,4627936,1730561,2796393,1246584,321725,253330,19657100,55.81655555555555,28175.276388888888,0.3100794623825488
2017-10-01,9038095,4472797,1629177,3899926,1001523,327476,257968,20626962,63.925288590604026,27666.567785234907,0.33248240821891273
2017-11-01,10798002,4006956,1690773,3744136,850065,323636,238263,21651831,65.43065277777778,29594.51810584958,0.3052217616145258
2017-12-01,8137156,5070463,2324207,5399398,770357,326608,264566,22292755,65.15127688172043,28986.067204301078,0.3956698039340584
2018-01-01,7541661,5002425,2866942,4610899,782256,327978,267905,21400066,56.51197580645161,29674.002688172048,0.4013106782007121
2018-02-01,6931869,4320539,2985267,4612981,837386,307285,246323,20241650,60.877098214285716,30306.584821428565,0.43192718973008626
2018-03-01,5576764,4526122,4934200,6517032,1004773,300838,266804,23126533,48.279717362045766,29439.96500672948,0.5516106975481366
2018-04-01,5697188,3963006,4536442,3808258,1081186,285512,247293,19618885,50.40073611111111,27886.337499999994,0.49500254474196675
2018-05-01,7469365,4066109,3459603,3265969,1136013,311661,225177,19933897,61.633763440860214,28028.095430107518,0.41001746923845345
2018-06-01,6830130,4034324,3591524,3441192,1335742,326047,249327,19808286,64.34813888888888,29243.97913769124,0.43893272744547407
2018-07-01,7926557,4548286,3108251,3016511,1493687,344706,268954,20706952,67.78344086021505,29598.872139973082,0.38456432409753016
2018-08-01,8053345,4951559,2611005,3242783,1269956,340708,269324,20738680,70.36391129032258,29060.54973118279,0.3599289829439482
2018-09-01,8170112,4767839,2414387,3071512,1087670,328077,263166,20102763,76.91404166666666,29165.925000000003,0.3433182791838117
2018-10-01,7902539,4871645,2676340,4586920,744841,310326,272252,21364863,70.36221476510067,28081.84832214765,0.38935082335889537
2018-11-01,8951977,3890518,3075540,4361442,598801,315767,249999,21444044,66.6235138888889,29454.820833333335,0.3894577907040295
2018-12-01,7815381,4330937,3237534,4379720,651439,309536,258105,20982652,67.04260752688172,28929.169354838716,0.40882482347798554
